dose_uM	CPM
0.4	0.0
1.2	0.22114436458921438
3.7	0.5269557633810535
11.1	4.825523545177034
33.3	22.46647110800235
100.0	26.67430334188476
